id,title,milestone,priority,owner,estimate_days,start,due,status,pct_complete,RAG,github_issue,notes
1,CSV ingestion + validator,MVP,P0,@alice,4,2026-02-01,2026-02-05,Done,100,Green,#1,Schema validation, timezone handling
2,Rule-based pattern engine (5 patterns),MVP,P0,@bob,6,2026-02-03,2026-02-12,In Progress,40,Amber,#2,Include tests for Hammer/Doji/Engulfing
3,Minimal Dash prototype (upload + chart),MVP,P0,@carol,5,2026-02-06,2026-02-12,In Progress,30,Amber,#3,Upload + annotate patterns
4,CLI analyzer run,MVP,P1,@dave,2,2026-02-10,2026-02-12,In Progress,40,Amber,#4,Output CSV report
5,Unit tests + CI,All,P0,@qa,5,2026-02-03,2026-02-10,In Progress,40,Amber,#5,Coverage target 80%
6,OPP Miner,P1,@erin,10,2026-02-15,2026-03-01,To Do,0,Green,#6,Ordinal encoding + miner
7,Backtesting module,P1,@frank,8,2026-02-20,2026-03-05,To Do,0,Green,#7,Sharpe,drawdown
8,Session management & export,P2,@gina,4,2026-02-25,2026-03-01,To Do,0,Green,#8,Save/load, export zip
9,CLI/GUI integration,MVP,P1,@carol,3,2026-02-13,2026-02-16,In Progress,20,Amber,#9,Wire CLI with minimal Dash upload
